{"loadingScreen":false,"bedrockIfyButtonPosition":"DISABLED","showPositionHUD":false,"FPSHUD":0,"heldItemTooltips":false,"heldItemTooltipBackground":0.5,"showPaperDoll":false,"showChunkMap":false,"reacharound":false,"reacharoundSneaking":false,"reacharoundIndicator":false,"reacharoundMultiplayer":false,"positionHUDHeight":50,"screenSafeArea":0,"overlayIgnoresSafeArea":false,"bedrockChat":true,"slotHighlight":false,"highLightColor1":-1,"highLightColor2":-1990870528,"idleAnimation":1.0,"reacharoundBlockDistance":0.5,"reacharoundPitchAngle":25,"savingOverlay":false,"eatingAnimations":true,"expTextStyle":false,"bedrockToolbar":false,"hudOpacity":100,"biggerIcons":false,"sneakingShield":true,"bedrockShading":true,"disableFlyingMomentum":false,"elytraStop":false,"pickupAnimations":false,"fishingBobber3D":false,"sunlightIntensity":50,"sheepColors":true,"hideEditionBranding":false}