{"client.features.hudOpacity":true,"client.features.sheepColors":true,"client.features.bedrockShading.lightBlock":true,"common.features.fireAspect":true,"client.features.pickupAnimations":true,"common.features.fertilizableBlocks":true,"client.features.savingOverlay":true,"common.features.recipes":true,"common.features.cauldron":true,"client.features.worldColorNoise":true,"client.features.slotHighlight":true,"client.features.fishingBobber":true,"client.features.chat":true,"client.features.loadingScreens":true,"client.features.heldItemTooltips":true,"client.features.eatingAnimations":true,"common.features.animalEatingParticles":true,"client.core.bedrockIfyButton":true,"common.features.fernBonemeal":true,"client.features.reacharoundPlacement":true,"client.features.editionBranding":true,"client.features.screenSafeArea":true,"client.core.clientRenderTimer":true,"client.features.biggerDraggingItem":true,"client.features.idleHandAnimations":true,"client.features.useAnimations":true,"client.features.bedrockShading.sunGlare":true}