{
    "feature": "roses_mod:rose_flower",
    "placement": [
      {
        "type": "minecraft:count",
        "count": {
          "type": "minecraft:weighted_list",
          "distribution": [
            {
              "data": 0,
              "weight": 1
            },
            {
              "data": 1,
              "weight": 1
            }
          ]
        }
      },
      {
        "type": "minecraft:in_square"
      },
      {
        "type": "minecraft:height_range",
        "height": {
          "type": "minecraft:uniform",
          "max_inclusive": {
            "absolute": 127
          },
          "min_inclusive": {
            "absolute": 0
          }
        }
      },
      {
        "type": "minecraft:biome"
      }
    ]
  }